<?xml version="1.0" encoding="UTF-8" standalone="no"?>

<!DOCTYPE toc
  PUBLIC "-//Sun Microsystems Inc.//DTD JavaHelp TOC Version 1.0//EN" "http://java.sun.com/products/javahelp/toc_1_0.dtd">
<toc version="1.0">
   <tocitem target="d0e1" text="User Guide for eSCAPe">
      <tocitem target="d0e7" text="Overview of eSCAPe">
         <tocitem target="d0e10" text="Purpose of eSCAPe"/>
         <tocitem target="d0e14" text="Target Audience"/>
         <tocitem target="d0e23" text="Key Features"/>
         <tocitem target="d0e38" text="System Requirements"/>
         <tocitem target="d0e56" text="Installation and launch"/>
      </tocitem>
      <tocitem target="d0e67" text="Introduction">
         <tocitem target="d0e70" text="Purpose"/>
         <tocitem target="d0e74" text="Scope"/>
         <tocitem target="d0e78" text="System Organization"/>
      </tocitem>
      <tocitem target="d0e82" text="Creating a new SCAP documents">
         <tocitem target="d0e85" text="Creating a new OVAL document"/>
         <tocitem target="d0e100" text="Creating a new XCCDF benchmark"/>
         <tocitem target="d0e105" text="Creating a new XCCDF benchmark from an OVAL document"/>
         <tocitem target="d0e115" text="Creating a new CPE dictionary"/>
      </tocitem>
      <tocitem target="d0e126" text="Document Validation">
         <tocitem target="d0e129" text="Validating an open document"/>
      </tocitem>
      <tocitem target="concepts" text="Concepts"/>
   </tocitem>
</toc>