<assembly xmlns="http://maven.apache.org/plugins/maven-assembly-plugin/assembly/1.1.1"
	xmlns:xsi="http://www.w3.org/2001/XMLSchema-instance"
	xsi:schemaLocation="http://maven.apache.org/plugins/maven-assembly-plugin/assembly/1.1.1 http://maven.apache.org/xsd/assembly-1.1.1.xsd"
	>
	<baseDirectory></baseDirectory>
  <id>shared_data</id>
  <formats>
    <format>zip</format>
  </formats>
  <fileSets>
    <fileSet>
      <includes>
        <include>README*</include>
        <include>LICENSE*</include>
        <include>data_feeds/**</include>
        <include>scapval12/**</include>
        <include>styles/**</include>
      </includes>
    </fileSet>
    <fileSet>
      <directory>${project.build.directory}/site</directory>
      <outputDirectory></outputDirectory>
      <includes>
        <include>apidocs/**</include>
      </includes>
    </fileSet>
  </fileSets>  
</assembly>
