<?xml version="1.0" encoding="UTF-8" standalone="no"?>

<!DOCTYPE toc
  PUBLIC "-//Sun Microsystems Inc.//DTD JavaHelp TOC Version 1.0//EN" "http://java.sun.com/products/javahelp/toc_1_0.dtd">
<toc version="1.0">
   <tocitem target="d0e1" text="Getting started with eSCAPe">
      <tocitem target="ch01" text="Quick Start">
         <tocitem target="d0e12" text="System Requirements"/>
         <tocitem target="d0e36" text="Installation and launch"/>
      </tocitem>
      <tocitem target="ch02" text="Creating a new SCAP documents">
         <tocitem target="d0e50" text="Creating a new OVAL document"/>
         <tocitem target="d0e65" text="Creating a new XCCDF benchmark"/>
         <tocitem target="d0e70" text="Creating a new XCCDF benchmark from an OVAL document"/>
         <tocitem target="d0e80" text="Creating a new CPE dictionary"/>
      </tocitem>
      <tocitem target="ch03" text="Document Validation">
         <tocitem target="d0e105" text="Validating an open document"/>
      </tocitem>
      <tocitem target="concepts" text="Concepts"/>
   </tocitem>
</toc>