<?xml version="1.0" encoding="UTF-8" standalone="no"?>

<!DOCTYPE index
  PUBLIC "-//Sun Microsystems Inc.//DTD JavaHelp Index Version 1.0//EN" "http://java.sun.com/products/javahelp/index_1_0.dtd">
<index version="1.0">
   <indexitem text="Java Virtual Machine, Java Runtime Environment, JRE" target="d0e23"/>
   <indexitem text="Java Virtual Machine, Java Runtime Environment, JRE" target="d0e145"/>
   <indexitem text="SCAP Specifications, Common Platform Enumeration" target="d0e83"/>
   <indexitem text="SCAP Specifications, Common Platform Enumeration" target="d0e131"/>
   <indexitem text="SCAP Specifications, eXtensible Configuration Checklist Description Format" target="d0e190"/>
   <indexitem text="SCAP Specifications, Open Vulnerability Assessment Language" target="d0e164"/>
   <indexitem text="SCAP SpecificationsSecurity Content Automation Protocol" target="d0e178"/>
   <indexitem text="Schema Validation, XML validation" target="d0e100"/>
</index>